Date,Content
2024-03-27,https://boxd.it/hsC7D
2024-08-27,https://boxd.it/4ieCF
2024-08-27,https://boxd.it/1jceAF
2025-01-15,https://boxd.it/8twS9P
2025-01-15,https://boxd.it/8t8Tf7
2025-01-20,https://boxd.it/7PSqEz
2025-01-27,https://boxd.it/6g8Oqr
2025-01-27,https://boxd.it/622zQV
2025-01-28,https://boxd.it/7cSA6r
2025-01-28,https://boxd.it/7ajxsh
2025-01-31,https://boxd.it/6opKRp
2025-01-31,https://boxd.it/4c4xN
2025-01-31,https://boxd.it/2xwdzv
2025-01-31,https://boxd.it/bpYYJ
2025-02-04,https://boxd.it/8HHqgr
2025-02-13,https://boxd.it/8K3IMd
2025-02-16,https://boxd.it/2t6u5J
2025-02-16,https://boxd.it/8QbY05
2025-02-18,https://boxd.it/8RWuxV
2025-02-18,https://boxd.it/8RWu5d
2025-02-18,https://boxd.it/8aAudZ
2025-02-18,https://boxd.it/8ch9WJ
2025-02-18,https://boxd.it/8if3jh
2025-02-18,https://boxd.it/8ejZrv
2025-02-21,https://boxd.it/25uKpR
2025-02-22,https://boxd.it/6dghUd
2025-02-22,https://boxd.it/5K4z9z
2025-02-24,https://boxd.it/7QTQ99
2025-02-24,https://boxd.it/7xQxip
2025-02-24,https://boxd.it/7D5rvx
2025-02-24,https://boxd.it/7v0vNj
2025-02-24,https://boxd.it/7We5CF
2025-02-27,https://boxd.it/84ZQTz
2025-02-27,https://boxd.it/8XFYuH
2025-02-28,https://boxd.it/8b7DwR
2025-02-28,https://boxd.it/8YhKJz
2025-02-28,https://boxd.it/8bGScn
2025-03-02,https://boxd.it/8YUjZt
2025-03-03,https://boxd.it/8ZSV5j
2025-03-03,https://boxd.it/8ZxlZt
2025-03-04,https://boxd.it/90reJl
2025-03-06,https://boxd.it/924W4t
2025-03-07,https://boxd.it/kwbeH
2025-03-09,https://boxd.it/94e3UH
2025-03-10,https://boxd.it/1pcGIh
2025-03-10,https://boxd.it/1kSrTN
2025-03-10,https://boxd.it/95cUzH
2025-03-11,https://boxd.it/8ACrU5
2025-03-11,https://boxd.it/8Jel2p
2025-03-12,https://boxd.it/96nvoF
2025-03-12,https://boxd.it/94F3Hn
2025-03-12,https://boxd.it/7fvfyl
2025-03-12,https://boxd.it/7cNI4j
2025-03-13,https://boxd.it/96u7vV
2025-03-13,https://boxd.it/96yrRl
2025-03-14,https://boxd.it/96ZqF3
2025-03-14,https://boxd.it/2KZbgB
2025-03-14,https://boxd.it/2MfgxN
2025-03-14,https://boxd.it/2JGT2h
2025-03-26,https://boxd.it/10PDeV
2025-03-28,https://boxd.it/9f3yGD
2025-03-28,https://boxd.it/9f6mAf
2025-03-28,https://boxd.it/9f6NaD
2025-04-01,https://boxd.it/9gDfzp
2025-04-01,https://boxd.it/9hnZJ3
2025-04-01,https://boxd.it/9hZwBZ
2025-04-03,https://boxd.it/9iyvIF
2025-04-03,https://boxd.it/9ifxez
2025-04-03,https://boxd.it/1p4zVH
2025-04-06,https://boxd.it/9kGYXX
2025-04-07,https://boxd.it/7BLNrj
2025-04-08,https://boxd.it/9gP9gb
2025-04-09,https://boxd.it/9mqqKh
2025-04-09,https://boxd.it/9mqMfP
2025-04-10,https://boxd.it/9muTab
2025-04-10,https://boxd.it/8OM8T
2025-04-10,https://boxd.it/bhoRL
2025-04-10,https://boxd.it/368BMv
2025-04-11,https://boxd.it/9mVw8v
2025-04-11,https://boxd.it/kzUAf
2025-04-15,https://boxd.it/1VXKDH
2025-04-15,https://boxd.it/1dyxyN
2025-04-15,https://boxd.it/g8GA1
2025-04-15,https://boxd.it/9pbbmh
2025-04-16,https://boxd.it/9q9jMn
2025-04-16,https://boxd.it/9pwkPJ
2025-04-26,https://boxd.it/9wbaXp
2025-04-28,https://boxd.it/9x9aPl
2025-05-01,https://boxd.it/9z9N55
2025-05-01,https://boxd.it/9zhgEH
2025-05-01,https://boxd.it/9yIhUh
2025-05-01,https://boxd.it/9zzAUr
2025-05-03,https://boxd.it/86VEnV
2025-05-05,https://boxd.it/9BE6dl
2025-05-06,https://boxd.it/9Crwkb
2025-05-07,https://boxd.it/9D2KIl
2025-05-07,https://boxd.it/2JHRb
2025-05-08,https://boxd.it/1io9HV
2025-05-11,https://boxd.it/9FEcCd
2025-05-14,https://boxd.it/84rgrL
2025-05-14,https://boxd.it/1xok6h
2025-05-16,https://boxd.it/9HRu35
2025-05-16,https://boxd.it/ukjwv
2025-05-17,https://boxd.it/9IkUO5
2025-05-17,https://boxd.it/9zR0Zh
2025-05-19,https://boxd.it/1WEoN7
2025-05-19,https://boxd.it/3Bo0Pj
2025-05-21,https://boxd.it/9K0Vu9
2025-05-25,https://boxd.it/9MG9ht
2025-05-25,https://boxd.it/9MswZb
2025-05-26,https://boxd.it/9Nqej7
2025-05-28,https://boxd.it/wFh6F
2025-05-29,https://boxd.it/9PMZ3n
2025-05-29,https://boxd.it/27rtSf
2025-05-30,https://boxd.it/9Q03cf
2025-05-30,https://boxd.it/9PriPL
2025-05-31,https://boxd.it/9R2epn
2025-06-02,https://boxd.it/9SaX8V
2025-06-02,https://boxd.it/9SgGBX
2025-06-03,https://boxd.it/9SNRfT
2025-06-04,https://boxd.it/9TFbXx
2025-06-06,https://boxd.it/1SmdSj
2025-06-06,https://boxd.it/2YMQsN
2025-06-06,https://boxd.it/7Fj21t
2025-06-06,https://boxd.it/9UOQ3x
2025-06-08,https://boxd.it/9Vw1a1
2025-06-08,https://boxd.it/9VqwTJ
2025-06-09,https://boxd.it/dABsF
2025-06-10,https://boxd.it/9WNmz5
2025-06-10,https://boxd.it/9WJ8Mr
2025-06-11,https://boxd.it/9XdvOF
2025-06-13,https://boxd.it/2e7zx1
2025-06-13,https://boxd.it/9Z8FAr
2025-06-13,https://boxd.it/TiGvh
2025-06-14,https://boxd.it/9Zmyaf
2025-06-14,https://boxd.it/dz8uZ
2025-06-14,https://boxd.it/9ZM4xb
2025-06-14,https://boxd.it/9ZJejn
2025-06-16,https://boxd.it/a0PqPh
2025-06-16,https://boxd.it/a0OuLB
2025-06-17,https://boxd.it/a1KW8t
2025-06-18,https://boxd.it/a1RJSR
2025-06-18,https://boxd.it/1Jjil3
2025-06-18,https://boxd.it/omXhF
2025-06-19,https://boxd.it/a2NGdd
2025-06-20,https://boxd.it/a3HJOt
2025-06-20,https://boxd.it/a3KxEn
2025-06-22,https://boxd.it/a55SOf
2025-06-23,https://boxd.it/a5E3hz
2025-06-24,https://boxd.it/5cnpUn
2025-06-25,https://boxd.it/a775jz
2025-06-25,https://boxd.it/a6yLWX
2025-06-26,https://boxd.it/a7bBCB
2025-06-26,https://boxd.it/a7c3SH
2025-06-26,https://boxd.it/a7F3sR
2025-06-27,https://boxd.it/CpIYB
2025-06-27,https://boxd.it/Iw2Iz
2025-06-27,https://boxd.it/a8btH3
2025-06-27,https://boxd.it/a8a4a7
2025-06-27,https://boxd.it/a88JJN
2025-06-27,https://boxd.it/6HUn1
2025-06-27,https://boxd.it/U54rf
2025-06-27,https://boxd.it/1FD3c5
2025-06-27,https://boxd.it/4xqUCL
2025-06-28,https://boxd.it/a8trhX
2025-06-28,https://boxd.it/a8qhT7
2025-06-28,https://boxd.it/L42x3
2025-06-28,https://boxd.it/a8Bb87
2025-06-29,https://boxd.it/a9fFTn
2025-06-29,https://boxd.it/a9d8NR
2025-07-02,https://boxd.it/a9G8XF
2025-07-02,https://boxd.it/ababNd
2025-07-02,https://boxd.it/abaPqt
2025-07-02,https://boxd.it/a1SOb1
2025-07-02,https://boxd.it/abI843
2025-07-03,https://boxd.it/abZvFb
2025-07-03,https://boxd.it/acnAsz
2025-07-03,https://boxd.it/acnlK9
2025-07-07,https://boxd.it/aeM8xT
2025-07-08,https://boxd.it/affkRJ
2025-07-08,https://boxd.it/WYC0v
2025-07-08,https://boxd.it/1gI7Fl
2025-07-08,https://boxd.it/1F5fZ1
2025-07-09,https://boxd.it/ag2Cn1
2025-07-09,https://boxd.it/ag2Ipd
2025-07-10,https://boxd.it/agE9sn
2025-07-10,https://boxd.it/agH8b7
2025-07-10,https://boxd.it/11Jd7h
2025-07-10,https://boxd.it/ahmUyZ
2025-07-10,https://boxd.it/ahopDN
2025-07-11,https://boxd.it/ahMDMH
2025-07-11,https://boxd.it/agjLGb
2025-07-11,https://boxd.it/ai0lLp
2025-07-11,https://boxd.it/ai57q3
2025-07-15,https://boxd.it/akOl6J
2025-07-15,https://boxd.it/29gAeH
2025-07-15,https://boxd.it/algbtf
2025-07-16,https://boxd.it/alysJF
2025-07-18,https://boxd.it/anjQbF
2025-07-18,https://boxd.it/anl2Zz
2025-07-21,https://boxd.it/ap32qB
2025-07-21,https://boxd.it/aoYkMP
2025-07-21,https://boxd.it/ao9tDb
2025-07-22,https://boxd.it/8MO4WJ
2025-07-24,https://boxd.it/aruF3t
2025-07-24,https://boxd.it/arWZif
2025-07-24,https://boxd.it/1m93gl
2025-07-25,https://boxd.it/asuV1n
2025-07-26,https://boxd.it/atTA3V
2025-07-28,https://boxd.it/aqBYaj
2025-07-29,https://boxd.it/avXEud
2025-07-29,https://boxd.it/avL4Fb
2025-07-29,https://boxd.it/auwntp
2025-07-31,https://boxd.it/ax12fh
2025-07-31,https://boxd.it/axEshL
2025-08-03,https://boxd.it/azyOIZ
2025-08-05,https://boxd.it/aC7Xch
2025-08-06,https://boxd.it/asTQDh
2025-08-07,https://boxd.it/3oAzDT
2025-08-07,https://boxd.it/aDF8ah
2025-08-07,https://boxd.it/aDEtRz
2025-08-07,https://boxd.it/aDCD2H
2025-08-07,https://boxd.it/aDwhaH
2025-08-07,https://boxd.it/aDpAX5
2025-08-08,https://boxd.it/aDH4dZ
2025-08-08,https://boxd.it/aEbnVh
2025-08-08,https://boxd.it/aEb7yB
2025-08-08,https://boxd.it/aE600n
2025-08-09,https://boxd.it/aEZM5v
2025-08-09,https://boxd.it/aEI7GV
2025-08-09,https://boxd.it/aEM83X
2025-08-09,https://boxd.it/22jSYL
2025-08-09,https://boxd.it/3cnhRf
2025-08-11,https://boxd.it/aFK9hr
2025-08-12,https://boxd.it/1TtMgd
2025-08-12,https://boxd.it/7jLHJ5
2025-08-13,https://boxd.it/1l6fTT
2025-08-14,https://boxd.it/aIWBOf
2025-08-14,https://boxd.it/aIYgdL
2025-08-15,https://boxd.it/aJ2Ovd
2025-08-15,https://boxd.it/aEbW0b
2025-08-15,https://boxd.it/aBXtyx
2025-08-15,https://boxd.it/gdETv
2025-08-16,https://boxd.it/aJI7u1
2025-08-18,https://boxd.it/70GOTl
2025-08-19,https://boxd.it/1Rcj5t
2025-08-21,https://boxd.it/aNwYg9
2025-08-21,https://boxd.it/1FDfv
2025-08-21,https://boxd.it/DAeLD
2025-08-21,https://boxd.it/9ekGQ7
2025-08-22,https://boxd.it/aOr6EZ
2025-08-22,https://boxd.it/KbYsF
2025-08-24,https://boxd.it/aPsjd9
2025-08-24,https://boxd.it/aQ7K1h
2025-08-24,https://boxd.it/aQk44T
2025-08-24,https://boxd.it/aQk8wd
2025-08-25,https://boxd.it/aQJLHz
2025-08-25,https://boxd.it/aQyJkV
2025-08-25,https://boxd.it/94RVK5
2025-08-25,https://boxd.it/8u0A5l
2025-08-26,https://boxd.it/aRcCcF
2025-08-26,https://boxd.it/aRzU3n
2025-08-27,https://boxd.it/2hla49
2025-08-28,https://boxd.it/aSMvE9
2025-08-28,https://boxd.it/aSFVLh
2025-08-29,https://boxd.it/aTFplP
2025-08-30,https://boxd.it/aTZwm1
2025-08-30,https://boxd.it/aTK7Wj
2025-09-02,https://boxd.it/aVUufl
2025-09-02,https://boxd.it/aVT2pF
2025-09-02,https://boxd.it/aVK7sB
2025-09-03,https://boxd.it/aXcvXD
2025-09-04,https://boxd.it/aXlBgD
2025-09-04,https://boxd.it/aXJ7LJ
2025-09-04,https://boxd.it/aXOX5l
2025-09-05,https://boxd.it/aXSWlP
2025-09-05,https://boxd.it/aXRJdV
2025-09-05,https://boxd.it/aXPyPv
2025-09-05,https://boxd.it/aYm8QX
2025-09-12,https://boxd.it/8tYJIR
2025-09-12,https://boxd.it/2rGhf1
2025-09-12,https://boxd.it/b2LkgX
2025-09-16,https://boxd.it/b5kRWZ
2025-09-16,https://boxd.it/b58gfZ
2025-09-16,https://boxd.it/b4Qjwt
2025-09-17,https://boxd.it/FrJAh
2025-09-17,https://boxd.it/3ax7lP
2025-09-17,https://boxd.it/7u2nQp
2025-09-18,https://boxd.it/b6rphR
2025-09-19,https://boxd.it/b6w9rB
2025-09-21,https://boxd.it/b7hN89
2025-09-23,https://boxd.it/b92m51
2025-09-23,https://boxd.it/b9t14v
2025-09-30,https://boxd.it/bdDy3r
2025-10-02,https://boxd.it/bem3xb
2025-10-02,https://boxd.it/bewx5V
2025-10-02,https://boxd.it/baDmLf
2025-10-02,https://boxd.it/bbd6nN
2025-10-02,https://boxd.it/b9JWJd
2025-10-03,https://boxd.it/beS2HX
2025-10-03,https://boxd.it/beQiM1
2025-10-06,https://boxd.it/bgQ6VN
2025-10-07,https://boxd.it/bhBQgP
2025-10-09,https://boxd.it/1r4xO3
2025-10-09,https://boxd.it/9g4FEP
2025-10-09,https://boxd.it/bgMcPt
2025-10-09,https://boxd.it/1q2SEv
2025-10-09,https://boxd.it/2clc0N
2025-10-09,https://boxd.it/1M2KqX
2025-10-12,https://boxd.it/bkwJHB
2025-10-13,https://boxd.it/bm4Neb
2025-10-14,https://boxd.it/9D9Kr
2025-10-15,https://boxd.it/3lzDZZ
2025-10-16,https://boxd.it/bnuQHB
2025-10-16,https://boxd.it/av24r9
2025-10-17,https://boxd.it/18iVIl
2025-10-17,https://boxd.it/bobtQh
2025-10-18,https://boxd.it/boPrXl
2025-10-19,https://boxd.it/bp4f0V
2025-10-19,https://boxd.it/boYi1Z
2025-10-19,https://boxd.it/boPW9B
2025-10-19,https://boxd.it/bpIKfd
2025-10-19,https://boxd.it/bpL4yj
2025-10-20,https://boxd.it/bpWG3P
2025-10-21,https://boxd.it/bqKmwn
2025-10-22,https://boxd.it/breq9d
2025-10-22,https://boxd.it/brBtWt
2025-10-22,https://boxd.it/lxpYb
2025-10-22,https://boxd.it/brVFY7
2025-10-22,https://boxd.it/xevhd
2025-10-23,https://boxd.it/bsgtB3
2025-10-23,https://boxd.it/bsqnsJ
2025-10-24,https://boxd.it/bsA2kf
2025-10-24,https://boxd.it/bsYJJP
2025-10-24,https://boxd.it/bsVSYX
2025-10-24,https://boxd.it/bt4Lwv
2025-10-24,https://boxd.it/1nEdHH
2025-10-26,https://boxd.it/bu9kxP
2025-10-26,https://boxd.it/bue25t
2025-10-26,https://boxd.it/buz29H
2025-10-27,https://boxd.it/buG6Rn
2025-10-27,https://boxd.it/buXk2R
2025-10-28,https://boxd.it/bvyI9L
2025-10-29,https://boxd.it/bw088X
2025-10-29,https://boxd.it/bvPvVh
2025-10-29,https://boxd.it/bwJxWD
2025-10-29,https://boxd.it/3etcR5
2025-10-29,https://boxd.it/baZgzh
2025-10-30,https://boxd.it/1p7E4z
2025-10-30,https://boxd.it/3l3oEX
2025-10-30,https://boxd.it/4XDZf3
2025-10-30,https://boxd.it/bwUhDR
2025-10-30,https://boxd.it/bwNgZX
2025-10-30,https://boxd.it/bx7483
2025-10-30,https://boxd.it/1oxfEF
2025-10-30,https://boxd.it/bxcgaZ
2025-10-30,https://boxd.it/bxvXAz
2025-10-31,https://boxd.it/MsogF
2025-10-31,https://boxd.it/E52r
2025-10-31,https://boxd.it/jgf2J
2025-11-01,https://boxd.it/by9k1P
2025-11-01,https://boxd.it/by4aXJ
2025-11-01,https://boxd.it/by49Xj
2025-11-02,https://boxd.it/byC7lb
2025-11-03,https://boxd.it/bA0G4h
2025-11-03,https://boxd.it/bzvWat
2025-11-05,https://boxd.it/bB6Ljn
2025-11-06,https://boxd.it/bBGac7
2025-11-07,https://boxd.it/aSqdT7
2025-11-07,https://boxd.it/aDyvVr
2025-11-14,https://boxd.it/bHlaEx
2025-11-18,https://boxd.it/bHo1gH
2025-11-18,https://boxd.it/bKRa9b
2025-11-20,https://boxd.it/85Xaud
2025-11-24,https://boxd.it/bOzZp5
2025-11-25,https://boxd.it/bPmMy7
2025-11-26,https://boxd.it/bPXXmZ
2025-11-27,https://boxd.it/bQkLBf
2025-11-28,https://boxd.it/bRjLj3
2025-11-30,https://boxd.it/bS5ZSd
2025-11-30,https://boxd.it/4h8boJ
2025-12-02,https://boxd.it/bUoQcX
2025-12-02,https://boxd.it/bUof4n
2025-12-02,https://boxd.it/bUlypt
2025-12-02,https://boxd.it/bUf30b
2025-12-04,https://boxd.it/bVdA5t
2025-12-04,https://boxd.it/bVjBGn
2025-12-04,https://boxd.it/bVmQXp
2025-12-05,https://boxd.it/bVDeM3
2025-12-05,https://boxd.it/bW9R99
2025-12-09,https://boxd.it/bYtSX3
2025-12-09,https://boxd.it/bYscOV
2025-12-09,https://boxd.it/bXX9AJ
2025-12-09,https://boxd.it/bXMIVb
2025-12-09,https://boxd.it/bZ9vXX
2025-12-10,https://boxd.it/bZAcOr
2025-12-11,https://boxd.it/c09YJ5
2025-12-11,https://boxd.it/c0bCDj
2025-12-12,https://boxd.it/c0soD9
2025-12-12,https://boxd.it/c0FHjj
2025-12-12,https://boxd.it/5kRW63
2025-12-13,https://boxd.it/c1ho4F
2025-12-14,https://boxd.it/c27mtR
2025-12-14,https://boxd.it/5jbj53
2025-12-14,https://boxd.it/c2wrjH
2025-12-16,https://boxd.it/c3zBEF
2025-12-17,https://boxd.it/c5l1WN
2025-12-18,https://boxd.it/c4sgmv
2025-12-18,https://boxd.it/c5VKDN
2025-12-20,https://boxd.it/c79sR5
2025-12-22,https://boxd.it/2ndYW9
2025-12-22,https://boxd.it/1wPBqt
2025-12-22,https://boxd.it/caixhL
2025-12-22,https://boxd.it/cal7bX
2025-12-24,https://boxd.it/cbuFoj
2025-12-24,https://boxd.it/cbzk3z
2025-12-24,https://boxd.it/cbsF8h
2025-12-27,https://boxd.it/cdraPv
2025-12-27,https://boxd.it/cfKZkz
2025-12-27,https://boxd.it/cfWolT
2025-12-28,https://boxd.it/cgNgT5
2025-12-30,https://boxd.it/cjgxep
2025-12-30,https://boxd.it/cjj8j1
2025-12-30,https://boxd.it/ciM3sB
2025-12-30,https://boxd.it/cjE52j
2025-12-30,https://boxd.it/cjjJnJ
2026-01-01,https://boxd.it/clewch
2026-01-01,https://boxd.it/cl7r4D
2026-01-01,https://boxd.it/cl1819
2026-01-02,https://boxd.it/clZzVX
2026-01-02,https://boxd.it/cn5Kr1
2026-01-02,https://boxd.it/cmAJKz
2026-01-02,https://boxd.it/cmBDWB
2026-01-02,https://boxd.it/cn8iTH
2026-01-03,https://boxd.it/9De13r
2026-01-03,https://boxd.it/9wK97n
2026-01-03,https://boxd.it/97vq6B
2026-01-03,https://boxd.it/Aw3gz
2026-01-03,https://boxd.it/coXz5P
2026-01-03,https://boxd.it/cp2rhX
2026-01-04,https://boxd.it/cpQTCT
2026-01-04,https://boxd.it/cqVyw5
2026-01-04,https://boxd.it/cqlC8J
2026-01-05,https://boxd.it/1AL0St
2026-01-06,https://boxd.it/cszPO5
2026-01-06,https://boxd.it/btgTQx
2026-01-06,https://boxd.it/ctfekL
2026-01-06,https://boxd.it/ctQDiT
2026-01-06,https://boxd.it/ctLG4Z
2026-01-06,https://boxd.it/ctLAvP
2026-01-06,https://boxd.it/ctCB51
2026-01-07,https://boxd.it/ctZDN1
2026-01-07,https://boxd.it/cu5oK9
2026-01-07,https://boxd.it/2Yf2GT
2026-01-07,https://boxd.it/1fRx8L
2026-01-07,https://boxd.it/1AKWWh
2026-01-07,https://boxd.it/cuN4eb
2026-01-07,https://boxd.it/cuI8I5
2026-01-08,https://boxd.it/bqxQv9
2026-01-09,https://boxd.it/cwo1k9
2026-01-09,https://boxd.it/cwtSaV
2026-01-09,https://boxd.it/6qiX3h
2026-01-09,https://boxd.it/w2pOR
2026-01-09,https://boxd.it/1dXDvv
2026-01-12,https://boxd.it/czRa7
2026-01-13,https://boxd.it/cAu3Uh
2026-01-13,https://boxd.it/cBeHF9
2026-01-13,https://boxd.it/cBdSgd
2026-01-15,https://boxd.it/cDwFad
2026-01-15,https://boxd.it/cDQVn3
2026-01-15,https://boxd.it/cDV935
2026-01-16,https://boxd.it/cEvRGH
2026-01-16,https://boxd.it/cE01Qj
2026-01-17,https://boxd.it/cF0U9N
2026-01-20,https://boxd.it/cIJRW5
2026-01-20,https://boxd.it/cJ8rJT
2026-01-21,https://boxd.it/cJBiYj
2026-01-23,https://boxd.it/csfhe3
2026-01-23,https://boxd.it/ccQ6QF
2026-01-24,https://boxd.it/cMsjzt
2026-01-24,https://boxd.it/cMlZGx
2026-01-24,https://boxd.it/cNdSG9
2026-01-24,https://boxd.it/cN3wlX
2026-01-24,https://boxd.it/cMJT9P
2026-01-25,https://boxd.it/cNCIhX
2026-01-25,https://boxd.it/a3qt25
2026-01-25,https://boxd.it/cNuHFj
2026-01-26,https://boxd.it/cOvyjz
2026-01-26,https://boxd.it/cOoaoB
2026-01-28,https://boxd.it/cRcqev
2026-01-28,https://boxd.it/cPGDyF
2026-01-29,https://boxd.it/cSbmSj
2026-01-29,https://boxd.it/cS1BGR
2026-01-29,https://boxd.it/cRX16v
2026-01-29,https://boxd.it/a0K4KJ
2026-01-29,https://boxd.it/64iGJ3
2026-01-29,https://boxd.it/6ulq7n
2026-01-30,https://boxd.it/cT9VWZ
2026-01-31,https://boxd.it/cU2My5
2026-02-01,https://boxd.it/cV5QTB
2026-02-01,https://boxd.it/cUMTnZ
2026-02-01,https://boxd.it/cVQyU1
2026-02-01,https://boxd.it/cVUJot
2026-02-01,https://boxd.it/cVNdh7
2026-02-01,https://boxd.it/cVIKTN
2026-02-04,https://boxd.it/cYHUWR
2026-02-04,https://boxd.it/bKQRMN
2026-02-05,https://boxd.it/cZHQRd
2026-02-05,https://boxd.it/cZxRHj
2026-02-06,https://boxd.it/cZYOH5
2026-02-06,https://boxd.it/d0c7Y1
2026-02-06,https://boxd.it/d04rn9
2026-02-06,https://boxd.it/d0rZgd
2026-02-07,https://boxd.it/d0BtHh
